{"cameraMode":{"drawMode":0,"name":"Shaded","section":"Shading Mode"},"sceneLighting":false,"audioPlay":false,"sceneViewState":{"showFog":true,"showMaterialUpdate":true,"showSkybox":false,"showFlares":true,"showImageEffects":true,"showParticleSystems":true},"in2DMode":false,"pivot":{"x":0.05709028244018555,"y":10.106201171875,"z":1.7101505994796754},"rotation":{"x":-0.010462055914103985,"y":0.7165074944496155,"z":0.010748418979346753,"w":0.697418212890625},"size":7.968286514282227,"orthographic":true}